{"type": "metrics", "dataset": "train", "precision": 0.9500794912559618, "balanced_accuracy": 0.8113531579750461, "recall": 0.6323809523809524, "f1_score": 0.7593392630241423}
{"type": "metrics", "dataset": "test", "precision": 0.663519313304721, "balanced_accuracy": 0.6750696788357184, "recall": 0.4055613850996852, "f1_score": 0.5034190817323347}
{"type": "cm_matrix", "dataset": "train", "true_0": {"predicted_0": 16071, "predicted_1": 157}, "true_1": {"predicted_0": 1737, "predicted_1": 2988}}
{"type": "cm_matrix", "dataset": "test", "true_0": {"predicted_0": 6681, "predicted_1": 392}, "true_1": {"predicted_0": 1133, "predicted_1": 773}}
